timestamp;biomass_mwh;hydropower_mwh;wind_offshore_mwh;wind_onshore_mwh;photovoltaic_mwh;other_renewables_mwh;nuclear_mwh;brown_coal_mwh;hard_coal_mwh;natural_gas_mwh;pumped_storage_mwh;other_conventional_mwh
2024-01-28 10:00:00;1526061.521;22443.4008;43084.848;279941.167;15076.470506666667;3297.59174;49455.564;1077006.45;-141147.65780000002;495995.6204;3422.5375249999997;838.36633
2024-01-28 11:00:00;1585054.108;24292.87056;23171.8872;172881.566;-22663.44973333333;4019.74982;62641.08;4834787.24;3009520.95;1182139.014;23224.9707;1333.5278
2024-01-28 12:00:00;1613647.865;25978.2696;12082.1232;72425.8106;-20692.946133333335;4735.07968;73951.242;7777758.22;6961063.640000001;2125378.577;37202.83625;1836.5801
2024-01-28 13:00:00;1603689.8450000002;26116.8288;9559.98996;45157.904;35328.52538666667;5187.20824;77614.812;8838865.69;9372226.08;3252151.07;47826.541;1724.4994
2024-01-28 14:00:00;1626098.688;25981.790399999998;7809.08712;26590.958899999998;95251.544;5552.534159999999;80836.992;9310462.86;10227054.76;4140873.3800000004;61905.15585;1464.0695
2024-01-28 15:00:00;1660078.273;26024.6256;8030.92752;15172.2307;144521.036;5779.19504;85028.8248;9510041.020000001;10434146.58;4640366.640000001;70917.22235;1287.1221
2024-01-28 16:00:00;1673460.49;25786.6872;8390.43312;10399.68226;181195.9053333333;5901.1397;88619.23199999999;9630496.56;10453441.18;4931353.63;73236.03885;1194.7452
2024-01-28 17:00:00;1678244.045;25555.855199999998;8225.8128;8005.0641000000005;209248.53333333333;6006.6106;91318.344;9786130.92;10480954.64;5138155.19;72560.5413;1142.3989
2024-01-28 18:00:00;1683128.3344999999;25455.996;7735.8708;6641.63533;229288.85959999997;6121.4789;93227.928;9972313.56;10551022.82;5311310.41;71249.185;1106.4745
2024-01-28 19:00:00;1691309.266;25503.6336;7267.488;6170.5963;242655.48933333333;6245.3589;94556.6196;10163849.98;10646885.74;5464887.19;70208.0761;1076.7108
2024-01-28 20:00:00;1702712.683;25654.872;6931.060799999999;6386.0148;251119.98613333332;6370.373960000001;95504.136;10345471.78;10752026.959999999;5601027.32;69558.6771;1050.1584
2024-01-28 21:00:00;1716298.7455;25870.7376;6673.8492;7101.171;256439.12746666666;6488.53648;96231.78480000001;10510579.6;10854894.32;5716637.43;69023.2499;1027.9531
2024-01-28 22:00:00;1730904.1325;26122.792799999996;6477.388800000001;8073.1079;259636.536;6594.961560000001;96816.87359999999;10655876.219999999;10951582.16;5812665.67;68479.2537;1010.2742
2024-01-28 23:00:00;1745554.4305;26384.013600000002;6388.214399999999;9086.749099999999;261096.08666666664;6688.39178;97268.04000000001;10779046.78;11042638.24;5895103.760000001;68063.6736;995.5701
2024-01-29 00:00:00;1759549.6875;26656.670400000003;6184.26996;10087.17996;262045.85599999997;6767.051399999999;97665.5328;10886365.1;11124622.66;5959491.23;67404.35465;984.0735
2024-01-29 01:00:00;1772849.6;26937.9576;6023.00616;11039.36614;262231.63;6833.3386;98001.5568;10977289.98;11199044.219999999;6012149.569999999;66698.6278;973.3418
2024-01-29 02:00:00;1785294.6030000001;27215.7576;5896.48716;11851.7256;261722.15026666666;6889.19024;98276.556;11055308.88;11269465.0;6058011.12;66098.83265;961.614
2024-01-29 03:00:00;1796826.836;27495.9816;5696.14344;12615.8021;261201.79359999998;6935.4810800000005;98539.692;11125184.360000001;11332105.62;6093529.26;65351.0562;949.15875
2024-01-29 04:00:00;1807444.747;27770.551199999998;5542.60404;13312.2011;260298.374;6974.19396;98770.98000000001;11185995.56;11389344.9;6123309.5;64648.779500000004;934.76605
2024-01-29 05:00:00;1817176.9510000001;28029.912;5429.85684;13918.2065;259026.492;7006.912719999999;98968.77599999998;11239762.96;11442689.18;6149905.2299999995;64076.9443;918.3435
2024-01-29 06:00:00;1826047.795;28274.8632;5303.31408;14479.481499999998;257694.38666666666;7034.55392;99151.692;11288644.799999999;11490764.96;6171953.2700000005;63531.882099999995;900.70905
2024-01-29 07:00:00;1834113.1025;28496.678399999997;5256.781199999999;14990.1488;255973.16319999998;7058.6386999999995;99294.492;11330691.12;11535262.26;6193271.7;63186.66005;881.6384
2024-01-29 08:00:00;1841382.428;28679.8224;5336.00244;15391.878700000001;253610.95466666666;7080.6578;99365.61600000001;11364575.98;11579110.12;6218719.359999999;63268.079900000004;861.5546
2024-01-29 09:00:00;1847807.514;28807.1232;5591.7432;15704.1049;250509.07599999997;7102.12514;99332.29200000002;11387522.86;11621645.16;6251739.48;63929.9101;841.6364
2024-01-29 10:00:00;1853336.0775;28873.315199999997;5949.24576;15991.778;247114.1156;7123.72092;99206.712;11401011.040000001;11659403.7;6289884.02;65004.097799999996;824.77893
2024-01-29 11:00:00;1857950.707;28879.620000000003;6382.8384;16324.983400000001;243676.90799999997;7145.886700000001;98999.09999999999;11405581.719999999;11689936.4;6330592.239999999;66313.318;813.6649
2024-01-29 12:00:00;1861654.264;28840.536;6774.4128;16745.465;240681.90399999998;7168.0008;98749.20000000001;11404879.799999999;11711620.48;6368455.03;67539.48449999999;810.3955
2024-01-29 13:00:00;1864586.2829999998;28765.303200000002;7181.43168;17225.9153;237952.47813333332;7189.96936;98452.63200000001;11397642.48;11726870.84;6404616.295;68706.5249;814.8082
2024-01-29 14:00:00;1866800.5019999999;28670.097599999997;7507.3308;17754.7293;235795.67466666663;7210.868600000001;98140.992;11386875.06;11735707.16;6436258.29;69645.6422;826.01697
2024-01-29 15:00:00;1868399.838;28576.415999999997;7709.735999999999;18345.0608;234418.8552;7229.69152;97845.576;11374170.8;11737530.84;6460516.72;70197.20085000001;842.08167
2024-01-29 16:00:00;1869601.7164999999;28502.856;7764.8279999999995;18931.3267;233838.98666666666;7245.724480000001;97592.38799999999;11362128.280000001;11735125.780000001;6476966.510000001;70320.576;860.48096
2024-01-29 17:00:00;1870599.6525;28471.4568;7594.8708;19478.1774;234305.19066666666;7258.08854;97424.49;11354979.52;11729414.48;6483005.76;69868.84415;878.5709
2024-01-29 18:00:00;1871823.162;28489.1184;7329.85404;19913.4683;235185.39866666668;7267.39436;97330.8168;11352307.14;11726209.1;6483626.1;69101.58039999999;893.4024
2024-01-29 19:00:00;1873502.7655;28547.604;7048.41;20169.8915;235940.75199999998;7274.49694;97288.63200000001;11353876.620000001;11729772.0;6484139.13;68307.08035;903.13293
2024-01-29 20:00:00;1875558.4865;28640.5848;6735.5424;20301.6022;236633.52333333335;7279.664940000001;97298.628;11360022.52;11737439.0;6483910.3;67483.62815;907.235
2024-01-29 21:00:00;1877865.5345;28765.303200000002;6371.11152;20366.72;237416.7128;7282.97132;97370.448;11371695.22;11746794.38;6480850.74;66551.06265;905.8258
2024-01-29 22:00:00;1880361.102;28922.337600000003;5911.532999999999;20365.269099999998;238471.0793333333;7284.33476;97518.648;11390971.78;11757894.31;6473024.46;65426.5167;899.4972
2024-01-29 23:00:00;1883126.863;29102.0064;5482.4003999999995;20329.6544;239301.7128;7284.5886;97713.468;11414837.059999999;11771955.26;6463834.51;64308.30525;887.8473
2024-01-30 00:00:00;1886054.6625;29289.5064;5167.0956;20406.6742;239744.8173333333;7284.39214;97940.964;11441139.38;11781806.74;6452869.29;63164.52825;869.55493
2024-01-30 01:00:00;1889318.8095;29490.8736;4818.2004;20459.7569;240112.67266666662;7284.09764;98220.552;11475377.66;11795739.360000001;6440611.9399999995;62054.6767;848.4976
2024-01-30 02:00:00;1892746.3530000001;29687.8224;4591.6384800000005;20512.5261;239790.1076;7284.011759999999;98489.09999999999;11508679.5;11813261.12;6431587.12;61246.6979;824.43475
2024-01-30 03:00:00;1896177.243;29871.8928;4410.93384;20588.5449;239230.8368;7283.80504;98757.744;11541943.62;11830144.92;6423198.81;60605.24265000001;798.84564
2024-01-30 04:00:00;1899404.6755;30038.6712;4270.81236;20711.0629;238517.34399999998;7283.44214;99018.29999999999;11573851.459999999;11845293.19;6414665.95;60083.3229;772.8792
2024-01-30 05:00:00;1902402.2179999999;30186.2736;4161.9732;20863.204999999998;237725.644;7282.99564;99267.636;11604307.08;11858853.12;6405875.35;59656.601050000005;747.5941
2024-01-30 06:00:00;1905148.8699999999;30312.837600000003;4092.2138399999994;21027.748499999998;236826.00599999996;7282.60234;99496.53600000001;11632475.72;11871468.0;6397650.7;59350.1855;723.5405
2024-01-30 07:00:00;1907646.2804999999;30412.5144;4108.9236;21165.7336;235576.35733333332;7282.662;99680.75399999999;11656162.24;11885024.24;6393095.17;59307.238;700.8496
2024-01-30 08:00:00;1909875.777;30469.2576;4337.14128;21284.5479;233527.72;7284.1383;99774.36000000002;11670481.08;11899586.620000001;6397617.38;59788.5411;679.2765
2024-01-30 09:00:00;1911667.7550000001;30477.2952;4671.41424;21353.483799999998;231143.88133333332;7287.036179999999;99785.076;11677545.379999999;11913820.180000002;6409644.92;60693.132300000005;661.47595
2024-01-30 10:00:00;1912933.799;30425.6976;5203.3593599999995;21415.121199999998;228261.64479999998;7292.26916;99678.93599999999;11673293.68;11926215.3;6431499.41;62100.486;649.0485
2024-01-30 11:00:00;1913589.6645;30313.956;5825.80044;21475.267;225339.08666666664;7299.9064;99473.556;11660853.459999999;11935021.280000001;6459935.58;63808.691549999996;645.1047
2024-01-30 12:00:00;1913517.8845;30151.7304;6461.245199999999;21594.21;222715.5649333333;7309.520399999999;99186.204;11641255.46;11937913.42;6490422.890000001;65562.7228;651.482
2024-01-30 13:00:00;1912738.635;29953.502399999998;7054.068000000001;21770.9778;220574.03866666666;7320.3078399999995;98837.09999999999;11615711.64;11935204.14;6520035.55;67193.3338;668.1761
2024-01-30 14:00:00;1911341.544;29732.7984;7596.303239999999;22002.009700000002;218917.5432;7331.50036;98440.24799999999;11584331.06;11927394.459999999;6547756.32;68637.198;693.497
2024-01-30 15:00:00;1909369.6795;29508.492000000002;8008.9236;22284.4501;217979.29266666665;7341.92642;98030.064;11549603.24;11914056.34;6570521.23;69738.46824999999;725.0542
2024-01-30 16:00:00;1907039.6425;29296.264799999997;8309.3184;22593.7635;217651.5501333333;7350.99892;97625.1324;11512396.56;11896694.48;6588353.3100000005;70494.0675;759.95276
2024-01-30 17:00:00;1904507.021;29112.055200000003;8440.368;22893.626800000002;218049.9792;7358.003839999999;97259.016;11476234.559999999;11876355.200000001;6599720.329999999;70823.67675;795.44824
2024-01-30 18:00:00;1902137.505;28961.402400000003;8497.2888;23129.3205;218686.5253333333;7363.35804;96927.492;11441138.56;11857358.26;6608373.24;70924.5839;829.1584
2024-01-30 19:00:00;1900070.047;28845.264;8465.9352;23255.3266;219458.4048;7367.21466;96637.884;11409285.66;11841565.879999999;6615470.89;70867.2331;859.70123
2024-01-30 20:00:00;1898407.7094999999;28759.0896;8416.16088;23293.1281;220072.0293333333;7370.130399999999;96378.6912;11379779.6;11829369.2;6622964.949999999;70778.3615;886.23114
2024-01-30 21:00:00;1897074.6385;28699.4952;8321.508;23280.1624;220669.13546666666;7372.191900000001;96159.93119999999;11354182.48;11818776.44;6629412.86;70604.788;908.53253
2024-01-30 22:00:00;1896043.8195;28662.9936;8207.45796;23243.8217;221186.47999999998;7373.664400000001;95979.78480000001;11332564.0;11809681.82;6634823.93;70369.653;926.67566
2024-01-30 23:00:00;1895350.997;28639.8816;8134.861199999999;23178.4553;221363.47666666663;7375.11372;95819.844;11313807.319999998;11803543.3;6641585.93;70212.48565;941.1043
2024-01-31 00:00:00;1894700.03;28638.1344;7954.728;23212.518999999997;222024.85066666664;7375.778340000001;95728.986;11301575.379999999;11791350.72;6641328.68;69692.54209999999;951.1887
2024-01-31 01:00:00;1894640.763;28652.246399999996;7886.91648;23221.722700000002;222045.78866666666;7377.2288;95652.5328;11292627.54;11786208.5;6644535.24;69376.7396;958.2887
2024-01-31 02:00:00;1894885.5425;28671.748799999998;7804.3715999999995;23168.675199999998;221903.3368;7378.81948;95594.9352;11287532.879999999;11784725.12;6648967.29;69158.4474;963.2148
2024-01-31 03:00:00;1895312.0515;28692.1584;7767.8730000000005;23132.725;221513.02;7380.68832;95539.968;11282812.14;11784330.7;6654567.01;69051.4866;966.4578
2024-01-31 04:00:00;1895809.225;28708.2192;7759.7016;23119.8946;221001.8853333333;7382.77452;95488.0836;11278777.74;11783787.86;6660574.41;69009.40215;968.70703
2024-01-31 05:00:00;1896310.23;28714.1256;7810.7436;23139.918999999998;220268.64933333333;7385.288600000001;95425.26;11273955.32;11783148.26;6667909.22;69077.9029;970.74176
2024-01-31 06:00:00;1896688.6269999999;28713.1224;7826.3376;23168.431;219671.36533333332;7387.8194;95367.1404;11270290.74;11781700.14;6674033.73;69118.6323;973.39
2024-01-31 07:00:00;1897024.635;28704.120000000003;7879.5288;23206.4338;218934.70733333332;7390.63596;95295.36360000001;11265385.5;11780785.02;6681041.22;69233.5307;976.8006
2024-01-31 08:00:00;1897336.1989999998;28681.324800000002;7975.5960000000005;23196.771399999998;217937.8149333333;7393.9431;95195.70000000001;11258709.06;11782378.280000001;6691065.640000001;69522.8923;981.5284
2024-01-31 09:00:00;1897600.8150000002;28633.0104;8189.449200000001;23160.602300000002;216405.98466666666;7398.33894;95036.73;11246783.8;11785862.46;6706879.9;70126.26060000001;988.4163
2024-01-31 10:00:00;1897580.833;28557.1584;8422.82808;23127.643;214774.11599999998;7403.59054;94831.0836;11231015.200000001;11787682.86;6725129.949999999;70866.6878;998.5707
2024-01-31 11:00:00;1897270.53;28448.8488;8745.1452;23115.7718;212801.536;7410.089300000001;94557.93119999999;11208955.56;11788361.0;6747409.27;71814.247;1013.0332
2024-01-31 12:00:00;1896602.685;28304.527199999997;9122.3076;23126.202;210606.8933333333;7417.94998;94216.6992;11181136.24;11787097.38;6773087.720000001;72920.44135000001;1032.6797
2024-01-31 13:00:00;1895398.5755;28133.716800000002;9469.7784;23241.818600000002;208665.40133333334;7426.48402;93834.3516;11148970.92;11779557.48;6797114.87;73931.2738;1057.3153
2024-01-31 14:00:00;1893732.6975;27947.378399999998;9786.83568;23447.094;207007.73813333333;7435.1351;93425.688;11113442.78;11767332.92;6818614.11;74792.30864999999;1086.1896
2024-01-31 15:00:00;1891752.7820000001;27752.851199999997;10078.0818;23702.679000000004;205571.9365333333;7443.602639999999;92999.3556;11075466.94;11752539.3;6838267.52;75526.35829999999;1118.118
2024-01-31 16:00:00;1889449.0320000001;27564.7392;10267.003200000001;24025.632400000002;204728.1796;7451.019859999999;92589.144;11037586.219999999;11733308.66;6852673.5200000005;75966.97915;1151.1752
2024-01-31 17:00:00;1887148.871;27389.0424;10435.0122;24332.8998;204011.80999999997;7457.52622;92189.38799999999;10999688.280000001;11715082.52;6865586.49;76298.212;1184.2328
2024-01-31 18:00:00;1884970.736;27226.3008;10569.984;24585.626999999997;203363.776;7463.25852;91802.616;10962772.700000001;11698872.76;6878117.26;76574.63605;1216.3582
2024-01-31 19:00:00;1882929.7105;27078.535200000002;10668.8472;24794.1045;202789.30533333332;7468.216;91433.23199999999;10927044.48;11683916.78;6889871.87;76790.98895;1246.9719
2024-01-31 20:00:00;1881119.254;26941.4736;10783.1184;24948.2662;202029.254;7472.82312;91070.412;10891891.9;11671542.98;6902829.43;77052.8088;1276.0643
2024-01-31 21:00:00;1879412.8785;26813.699999999997;10870.1496;25083.41;201316.33733333333;7477.02174;90723.62640000001;10858229.26;11659222.48;6915055.42;77274.05915;1303.4989
2024-01-31 22:00:00;1877836.1435;26693.251200000002;10966.3308;25204.3407;200500.896;7481.0181999999995;90387.01800000001;10825558.82;11647836.78;6927388.23;77505.61075;1329.5372
2024-01-31 23:00:00;1876308.6845;26579.695200000002;11033.2692;25312.449800000002;199756.05999999997;7484.6943200000005;90067.6524;10794822.76;11636668.379999999;6938668.5200000005;77694.426;1354.2261
2024-02-01 00:00:00;1874908.5380000002;26474.205599999998;11052.675599999999;25294.5803;198876.374;7488.227559999999;89755.1604;10766497.5;11631015.3;6951237.510000001;77954.9482;1378.1086
2024-02-01 01:00:00;1873574.885;26377.156799999997;11058.14208;25343.615;198195.45786666666;7491.44996;89463.372;10738944.68;11621983.0;6961197.74;78106.74250000001;1400.221
2024-02-01 02:00:00;1872279.159;26289.36;11059.596000000001;25428.018;197644.744;7494.27526;89196.324;10713608.32;11612216.8;6969341.54;78185.75975;1420.2605
2024-02-01 03:00:00;1871079.075;26208.919199999997;11067.3288;25510.925000000003;197101.55466666663;7496.82886;88947.78480000001;10690353.12;11603695.36;6977074.72;78258.7049;1438.6215
2024-02-01 04:00:00;1869967.8429999999;26136.0816;11066.677679999999;25596.2718;196638.83066666665;7499.105439999999;88719.708;10669154.48;11595583.92;6983912.18;78301.8123;1455.3574
2024-02-01 05:00:00;1868958.9945;26071.034400000004;11060.9508;25671.665800000002;196212.24453333332;7501.113359999999;88510.37640000001;10649883.66;11588454.84;6990168.01;78331.4102;1470.6062
2024-02-01 06:00:00;1868059.562;26013.144;11050.76952;25735.5417;195812.9648;7502.899359999999;88318.506;10632397.98;11582223.66;6995955.399999999;78352.1767;1484.437
2024-02-01 07:00:00;1867268.721;25961.3256;11038.626;25779.789200000003;195406.11413333332;7504.5189199999995;88140.95999999999;10616485.06;11577238.06;7001622.74;78382.365;1497.0345
2024-02-01 08:00:00;1866610.1395;25911.640799999997;11043.0468;25778.824500000002;194836.21773333332;7506.18522;87965.8884;10601368.36;11574842.02;7008661.1;78495.78125;1508.9543
2024-02-01 09:00:00;1866075.6209999998;25856.738400000002;11079.65328;25702.512000000002;193930.23066666664;7508.24748;87774.762;10585759.66;11576247.5;7018895.73;78782.58035;1521.178
2024-02-01 10:00:00;1865539.2595;25791.753600000004;11141.2038;25612.499;192826.99333333332;7510.86112;87563.292;10568579.84;11577980.98;7031021.27;79179.44395;1534.1536
2024-02-01 11:00:00;1864868.359;25715.709600000002;11218.1268;25558.3493;191679.98533333332;7513.909100000001;87335.184;10549783.8;11577913.74;7043383.48;79607.3835;1548.0905
2024-02-01 12:00:00;1863996.3775;25630.2336;11302.13448;25569.3394;190618.044;7517.1630399999995;87097.758;10529829.92;11575064.24;7054679.45;80000.94045;1562.9528
2024-02-01 13:00:00;1862947.08;25537.9776;11389.377;25626.978300000002;189643.74453333332;7520.45194;86854.716;10509274.98;11570659.2;7064993.705;80359.754;1578.6786
2024-02-01 14:00:00;1861724.007;25443.4536;11463.970800000001;25746.578;188901.44893333333;7523.487;86616.84;10488661.82;11563681.0;7073132.36;80623.33684999999;1594.7445
2024-02-01 15:00:00;1860412.761;25351.6344;11529.53472;25906.324399999998;188351.8293333333;7526.124959999999;86390.2032;10468634.14;11555403.92;7079417.100000001;80801.611;1610.6082
2024-02-01 16:00:00;1859079.011;25266.575999999997;11575.7652;26086.325100000002;188016.47333333333;7528.23928;86181.78480000001;10449870.08;11546407.700000001;7083833.47;80890.3268;1625.7533
2024-02-01 17:00:00;1857795.5555;25191.648;11600.9616;26260.376999999997;187847.88666666666;7529.76346;85995.10800000001;10432764.88;11537686.18;7086785.2299999995;80907.6452;1639.7646
2024-02-01 18:00:00;1856753.2419999999;25125.5016;11642.47848;26377.4632;187520.10933333333;7531.1649;85817.9712;10416903.62;11532269.26;7091125.649999999;80984.9835;1652.785
2024-02-01 19:00:00;1855821.945;25067.2992;11663.0532;26488.139700000003;187316.83866666665;7532.32276;85658.436;10402299.42;11526325.9;7094531.640000001;81017.5006;1664.6011
2024-02-01 20:00:00;1855001.2765000002;25017.2424;11681.398799999999;26582.379999999997;187115.61733333333;7533.222220000001;85514.052;10388867.82;11521003.280000001;7097579.4399999995;81036.37085;1675.2494
2024-02-01 21:00:00;1854308.4540000001;24973.3536;11697.0168;26646.608999999997;186878.78399999999;7534.01034;85381.8804;10376709.68;11516964.78;7100836.470000001;81067.865;1684.9111
2024-02-01 22:00:00;1853696.19;24934.9344;11705.3832;26704.3722;186677.30359999998;7534.672299999999;85263.01800000001;10365617.54;11512918.9;7103607.91;81082.26419999999;1693.58
2024-02-01 23:00:00;1853153.7175;24901.0848;11708.118;26738.316;186459.792;7535.21152;85154.54400000001;10355615.180000002;11509860.3;7106370.53;81104.2853;1701.4503
2024-02-02 00:00:00;1852651.694;24872.6808;11715.865679999999;26817.130999999998;186287.068;7535.79026;85060.728;10346195.02;11504602.46;7107884.63;81058.7876;1707.4998
2024-02-02 01:00:00;1852380.385;24852.0912;11728.5066;26896.914;186107.7088;7536.567360000001;84984.192;10339094.64;11500506.56;7109302.69;81011.6704;1712.9076
2024-02-02 02:00:00;1852187.064;24836.3856;11726.350320000001;26950.715;185944.8293333333;7537.2506;84918.5796;10333430.08;11497751.36;7110665.87;80969.2805;1717.6227
2024-02-02 03:00:00;1852075.8535;24824.815199999997;11718.85836;26980.6636;185764.35266666667;7537.84416;84861.0;10328559.28;11496213.040000001;7112183.89;80943.89535;1721.7561
2024-02-02 04:00:00;1852018.187;24815.997600000002;11708.2698;26997.0987;185583.02533333332;7538.35906;84810.006;10324237.059999999;11495242.16;7113731.8;80928.5101;1725.3069
2024-02-02 05:00:00;1851948.1045000001;24810.333599999998;11688.1668;27032.412000000004;185520.69466666665;7538.6756000000005;84770.58;10320560.180000002;11493147.059999999;7114155.159999999;80868.031;1728.075
2024-02-02 06:00:00;1851941.2175;24806.159999999996;11678.7876;27029.8094;185336.2044;7538.96212;84732.432;10317469.6;11493299.58;7115644.76;80865.817;1730.5294
2024-02-02 07:00:00;1851907.7525;24802.9368;11655.126;27035.591;185263.49946666666;7539.1255200000005;84701.532;10314782.46;11492464.0;7116312.63;80831.992;1732.533
2024-02-02 08:00:00;1851929.335;24799.303200000002;11648.880000000001;27004.204700000002;185023.56893333333;7539.3634;84666.4164;10312151.08;11493818.64;7118391.21;80872.7501;1734.5145
2024-02-02 09:00:00;1852002.3275;24791.2344;11655.7566;26933.757400000002;184610.4813333333;7539.91478;84619.6752;10309014.58;11496958.42;7122292.100000001;81005.5942;1736.9403
2024-02-02 10:00:00;1852033.028;24776.224799999996;11669.867400000001;26844.9225;184082.48799999998;7540.758760000001;84557.8596;10304709.58;11500537.72;7127368.99;81204.2146;1740.1465
2024-02-02 11:00:00;1852010.524;24752.731200000002;11702.0016;26754.86;183413.87946666667;7542.02074;84477.516;10298920.379999999;11504220.34;7133685.09;81468.0619;1744.3247
2024-02-02 12:00:00;1851802.944;24721.394399999997;11735.60088;26734.4176;182886.89533333332;7543.414199999999;84389.6832;10291843.780000001;11504426.16;7138653.2;81677.54115;1749.1978
2024-02-02 13:00:00;1851421.8795;24684.551999999996;11772.85404;26746.9642;182422.63239999997;7544.74952;84295.9752;10284174.32;11503534.819999998;7142929.43;81861.379;1754.7467
2024-02-02 14:00:00;1850881.8320000002;24645.108;11802.1332;26809.1164;182151.0184;7545.86254;84204.8964;10276299.86;11500456.540000001;7145545.54;81970.7424;1760.6039
2024-02-02 15:00:00;1850273.351;24606.7992;11829.62328;26894.833899999998;181989.65466666664;7546.72932;84119.21519999999;10268735.36;11496745.22;7147197.33;82033.6815;1766.4052
2024-02-02 16:00:00;1849668.0225;24572.0472;11852.73408;26997.0404;181942.39239999998;7547.3738;84042.792;10261812.92;11492555.02;7147970.06;82050.7088;1771.8428
2024-02-02 17:00:00;1849029.5199999998;24544.32;11854.0422;27135.0156;182162.06933333332;7547.52922;83986.3476;10256030.69;11486369.76;7146432.44;81955.8717;1776.3853
2024-02-02 18:00:00;1848481.7125;24525.84072;11848.1376;27250.509;182428.502;7547.2791799999995;83947.224;10251842.54;11481489.94;7144437.16;81833.47235;1779.9071
2024-02-02 19:00:00;1848042.8845;24517.272960000002;11818.80912;27339.994000000002;182808.22799999997;7546.64382;83928.42;10249378.44;11477265.3;7141637.3;81667.4859;1782.2437
2024-02-02 20:00:00;1847837.3414999999;24516.5772;11800.104;27358.133;182987.2044;7545.96856;83916.564;10248020.52;11476559.28;7140564.2;81578.5282;1783.7338
2024-02-02 21:00:00;1847751.1085;24522.1008;11769.192;27379.2904;183250.92266666665;7545.2712599999995;83918.748;10247543.280000001;11474864.34;7138816.37;81454.1629;1784.1283
2024-02-02 22:00:00;1847736.4615;24533.268;11732.367600000001;27378.612800000003;183501.23906666666;7544.43374;83931.97200000001;10248109.9;11473939.38;7136969.07;81328.20885;1783.6586
2024-02-02 23:00:00;1847795.2920000001;24548.9832;11689.8384;27367.0606;183762.98533333332;7543.530479999999;83955.924;10249648.22;11473312.9;7134907.15;81193.5874;1782.3713
2024-02-03 00:00:00;1847895.008;24570.6744;11651.028;27402.2782;184078.892;7542.68764;83995.26;10251885.180000002;11470440.440000001;7131535.95;80984.0897;1779.2327
2024-02-03 01:00:00;1848294.7449999999;24598.2984;11631.7656;27398.193900000002;184197.27773333332;7542.25026;84041.9244;10256130.32;11471011.98;7129840.06;80853.599;1775.9226
2024-02-03 02:00:00;1848778.775;24627.7392;11601.6372;27379.795299999998;184311.20133333333;7541.97476;84092.556;10261059.34;11472103.4;7128379.37;80737.2615;1772.2773
2024-02-03 03:00:00;1849304.03;24658.872;11573.326799999999;27368.5071;184421.7996;7541.7536;84147.30480000001;10266210.58;11473107.08;7126775.600000001;80621.53899999999;1768.3147
2024-02-03 04:00:00;1849897.767;24687.9552;11562.5148;27321.184;184343.9752;7541.72396;84194.7888;10271224.06;11476387.08;7126836.850000001;80591.9985;1764.5916
2024-02-03 05:00:00;1850430.9275;24714.247199999998;11544.36552;27299.5778;184352.57466666665;7541.75094;84241.9272;10275825.08;11477985.26;7126208.67;80536.6075;1760.9453
2024-02-03 06:00:00;1850823.923;24741.427200000002;11504.7912;27319.4988;184579.548;7541.4838;84299.052;10280786.08;11477256.280000001;7123477.41;80388.7779;1756.9866
2024-02-03 07:00:00;1851222.8355;24769.2264;11470.29048;27300.3379;184706.76133333333;7541.05706;84355.488;10286207.92;11478965.16;7121592.87;80286.70839999999;1753.0996
2024-02-03 08:00:00;1851637.5104999999;24796.1064;11429.8092;27248.837;184795.13786666663;7540.61588;84408.82800000001;10291592.86;11481840.08;7120400.7;80220.77015;1749.3412
2024-02-03 09:00:00;1852091.034;24818.4384;11406.1044;27133.854;184633.91333333333;7540.350640000001;84445.17240000001;10296000.36;11487631.74;7121648.73;80278.3157;1746.2963
2024-02-03 10:00:00;1852514.5844999999;24832.128;11398.3656;26998.6838;184311.43333333332;7540.4445;84460.6992;10298637.48;11493835.86;7124596.08;80422.78125;1744.1981
2024-02-03 11:00:00;1852843.5599999998;24834.748799999998;11415.220800000001;26871.867;183840.5893333333;7540.97118;84452.52;10299162.28;11499537.319999998;7128889.46;80638.46585000001;1743.3134
2024-02-03 12:00:00;1852956.371;24826.8072;11435.3148;26801.852000000003;183458.70186666667;7541.70762;84429.936;10297991.32;11502245.780000001;7132402.760000001;80825.1942;1743.5358
2024-02-03 13:00:00;1852870.72;24810.828;11464.11;26780.168800000003;183139.04066666667;7542.504860000001;84396.486;10295650.22;11503095.3;7135216.34;80984.31315;1744.7698
2024-02-03 14:00:00;1852598.2955;24790.0968;11483.5008;26801.239299999997;182984.52479999998;7543.16986;84360.2112;10292837.62;11502064.559999999;7136678.99;81082.11045000001;1746.717
2024-02-03 15:00:00;1852210.15;24769.1376;11496.5364;26863.220999999998;182995.2316;7543.594319999999;84327.624;10289976.64;11499429.9;7136679.97;81108.85065000001;1748.8469
2024-02-03 16:00:00;1851736.305;24753.854399999997;11483.014200000001;26974.602600000002;183319.57146666665;7543.5578399999995;84312.948;10288151.32;11494413.959999999;7134020.25;81002.76725;1750.3558
2024-02-03 17:00:00;1851337.0045;24747.213600000003;11464.82592;27073.481600000003;183703.9181333333;7543.1215999999995;84313.2888;10287711.8;11490589.48;7130820.55;80862.3115;1751.0513
2024-02-03 18:00:00;1851089.509;24749.882400000002;11438.5872;27156.5404;184146.9221333333;7542.45508;84329.81999999999;10288689.24;11487543.18;7127288.140000001;80693.6006;1750.6979
2024-02-03 19:00:00;1851004.2945;24761.997600000002;11406.0504;27219.110599999996;184610.8293333333;7541.59894;84362.02799999999;10291004.1;11485325.9;7123581.78;80507.1244;1749.2227
2024-02-03 20:00:00;1851083.7375;24782.004;11369.28876;27245.5601;185030.44;7540.62842;84406.236;10294529.28;11484595.28;7120244.88;80331.42300000001;1746.8083
2024-02-03 21:00:00;1851222.4959999998;24812.059200000003;11294.144400000001;27275.457;185664.90973333333;7539.34364;84474.384;10299805.16;11482609.24;7114997.96;80058.6418;1742.9865
2024-02-03 22:00:00;1851584.112;24848.424000000003;11249.31516;27247.4807;186019.70733333332;7538.07368;84546.276;10305924.819999998;11484306.64;7111765.920000001;79882.57549999999;1738.3948
2024-02-03 23:00:00;1852082.013;24886.459199999998;11204.2692;27188.3612;186288.576;7537.015;84620.83559999999;10312598.8;11487000.34;7109505.55;79751.24635;1733.2875
2024-02-04 00:00:00;1852561.0960000001;24929.313599999998;11155.16232;27213.845999999998;186714.10266666667;7536.06234;84711.4512;10319541.74;11485157.8;7104867.455;79493.10829999999;1726.3597
2024-02-04 01:00:00;1853275.4525;24978.468;11120.2392;27220.6902;187011.13999999998;7535.400000000001;84812.7072;10328656.040000001;11485950.74;7101067.75;79275.509;1719.2198
2024-02-04 02:00:00;1854045.9235;25031.7768;11057.698199999999;27213.261899999998;187388.31399999998;7534.71828;84924.76800000001;10339122.52;11487198.780000001;7096735.17;79033.9411;1711.5503
2024-02-04 03:00:00;1854964.3195;25085.028;11025.590400000001;27151.157;187467.90933333331;7534.21782;85027.998;10349324.96;11492078.6;7094858.47;78921.023;1704.078
2024-02-04 04:00:00;1855865.401;25136.572799999998;10980.496799999999;27108.0095;187640.44;7533.81502;85132.746;10359321.58;11495323.75;7092387.4;78783.64635;1696.4475
2024-02-04 05:00:00;1856722.3475000001;25186.783199999998;10943.02884;27076.4736;187793.328;7533.3852400000005;85236.1116;10369035.3;11498326.18;7089822.74;78651.24710000001;1688.8383
2024-02-04 06:00:00;1857553.298;25233.816000000003;10914.25128;27040.8116;187892.79413333331;7533.009419999999;85334.73;10378494.819999998;11501776.74;7087741.71;78547.66675;1681.4988
2024-02-04 07:00:00;1858360.92;25275.400799999996;10901.9784;26990.7077;187867.15426666668;7532.7913;85421.5836;10387126.959999999;11506130.94;7086834.72;78507.866;1674.7996
2024-02-04 08:00:00;1859088.9049999998;25309.7952;10891.1436;26917.7656;187761.04133333333;7532.7115;85493.964;10394720.98;11511148.520000001;7086911.649999999;78523.528;1669.0758
2024-02-04 09:00:00;1859770.7665;25332.347999999998;10913.9352;26800.208599999998;187350.38586666668;7533.009419999999;85535.9244;10400052.62;11518410.440000001;7089844.3;78686.5481;1665.033
